id,areaId,title,description,assignee,status,priority,dueDate,createdDate,sourceMeeting,updatedAt,
tsk-001,sociedad,Escribirle a Mariano Escribano,"Consultar por conformación de la sociedad (SA vs SRL), costos y honorarios para la firma del boleto.",Todos,en_proceso,urgente,2026-05-15,2026-04-27,2026-04-27,2026-06-09 22:24:22,
tsk-002,sociedad,Re-Confirmar Sociedad SA/SRL con Mariano,Definir si se avanza con SA o SRL. Firma tentativa entre 27 y 29 de mayo.,Todos,completada,alta,2026-05-29,2026-04-22,2026-04-22,2026-06-10 9:12:04,
tsk-003,sociedad,Seguro de Caución para la Sociedad,Contratar seguro mínimo posible: 1 millón de pesos de cobertura.,Fede,pendiente,media,2026-06-30,2026-05-28,2026-05-28,2026-06-11 20:12:51,
tsk-004,sociedad,Abrir Cuenta de Banco (Galicia),Apertura cuenta Galicia. Requieren CUIT y estatuto social.,Pascu,en_proceso,alta,2026-06-25,2026-05-28,2026-06-10,2026-06-14 23:02:55,
tsk-005,sociedad,Conversación Contable con Oscar Kusel,Reunión para analizar estrategias para bajar la carga impositiva.,Todos,en_proceso,alta,2026-06-15,2026-05-28,2026-06-03,2026-06-09 22:21:05,
tsk-006,terreno,Firma de Escritura del Terreno,Firmar la escritura del lote Vidal 3849. Valor aproximado USD 290k.,Todos,en_proceso,urgente,2026-07-15,2026-04-22,2026-05-29,,
tsk-007,terreno,Definir Préstamo vs Aporte a Sociedad,Estructura de financiamiento para la escritura (~90k USD por socio).,Todos,pendiente,alta,2026-06-30,2026-05-28,2026-05-28,,
tsk-008,arquitectura,Acomodar Línea de Frente Interno,Pedir a Rodri acomodar la línea de frente interno en los planos.,Rodri,en_proceso,alta,2026-06-15,2026-05-11,2026-05-11,,
tsk-009,arquitectura,Definir Tamaño del Ascensor,Coordinar con Rodri agrandar el hueco de ascensores.,Rodri,pendiente,media,2026-06-20,2026-04-22,2026-05-28,,
tsk-010,arquitectura,Verificar Ancho y Maniobra de Cocheras,Ajustar ancho de cochera post-estructura a 3 metros como mínimo.,Rodri,en_proceso,alta,2026-06-20,2026-04-22,2026-05-28,,
tsk-011,arquitectura,Presentar Renders de la Fachada,"Paquete renders 3-jun: 1 emblematico frente, 1 contrafrente, 1 aereo, interiores. Coordinar drone con Daro.",Rodri,completada,alta,2026-06-25,2026-04-22,2026-06-03,2026-06-11 20:13:09,
tsk-012,arquitectura,Definir Brief de Marca y Nombres,"Pascu presenta el brief con sugerencias de nombres: phi/fi, raiz, soma.",Pascu,completada,media,2026-06-03,2026-05-28,2026-06-03,,
tsk-013,arquitectura,Validar Distribución de Unidades,Analizar opciones de distribución de unidades por piso.,Todos,en_proceso,alta,2026-06-20,2026-04-15,2026-05-28,,
tsk-014,,Gestionar Previsión de Gastos y Plusvalía,"Pedir a Silvia Tejeiro previsión de gastos y liquidación del trámite de Plusvalía. Evaluar detalles terraza: pileta, separación terrazas privadas, terraza verde.
10-jun-26: Plusvalía confirmada en $0 según Silvia. Tarea completada.",Pascu,completada,alta,2026-06-20,2026-05-29,2026-06-10,2026-06-14 23:02:52,
tsk-015,tramites,Permiso de Demolición,Tramitar el permiso de demolición. Requiere escritura inscripta.,Silvia,pendiente,media,2026-08-30,2026-05-11,2026-05-11,,
tsk-016,tramites,Revisar Estado de la Construcción del Fondo,Silvia pedirá copia del plano para evaluar si el fondo está declarado.,Silvia,en_proceso,alta,2026-06-15,2026-05-11,2026-05-21,,
tsk-017,"lbl-arq,lbl-comercial",Estudio de Suelos a 12m,"Pedir presupuesto a AGH Consultores. Coordinar fecha y pago.
12-jun: va a estar el jueves que viene
10-jun-26: Fede hace follow up (reasignado de Pascu)",Fede,pendiente,alta,2026-06-20,2026-04-27,2026-06-10,2026-06-14 23:02:51,https://drive.google.com/file/d/1K5epm2OtE6H1dG6wqQwzacZsuE-cCWN3/view?usp=drive_web
tsk-018,presupuesto,Cerrar Costo de Ingeniero Calculista,Definir y contratar al calculista. Opción Mesa $2.8M.,Fede,en_proceso,alta,2026-06-10,2026-04-22,2026-06-03,,
tsk-019,,Presupuesto de Demolición,Solicitar cotizaciones formales para la demolición. Contactos: Galuso.,Daro,pendiente,media,2026-07-15,2026-04-22,2026-06-10,2026-06-14 23:02:53,
tsk-020,presupuesto,Cotización de Asesores de Instalaciones,"Pedir presupuestos para eléctrica, sanitaria/incendios y termomecánica.",Daro,pendiente,media,2026-07-15,2026-04-22,2026-05-28,,
tsk-021,comercializacion,Análisis Económico con Superficies de Mensura,Armar análisis económico con los m2 reales de la agrimensura.,Pascu,en_proceso,alta,2026-06-20,2026-05-21,2026-06-03,,
tsk-022,comercializacion,Definir Lista de Precios e Incrementos,"Precio base USD 2,900/m2. Ajustar por piso y frente/contrafrente.",Todos,pendiente,alta,2026-06-25,2026-05-29,2026-05-29,,
tsk-023,comercializacion,Modelar Contratos / Boletos de Pozo,Redactar con la escribanía el modelo de boleto para compradores.,Pascu,pendiente,alta,2026-07-31,2026-05-21,2026-05-21,,
tsk-1781034016539,finanzas,Cerrar Ajuste Costos Sujar/Daimar,"Variables testigo: hierro, hormigon, ascensores, ventanas.
10-jun-26: pendiente cierre modelo económico Daimar.",Fede,en_proceso,alta,2026-06-20,2026-06-09,2026-06-10,2026-06-14 23:02:53,
tsk-1781034016996,arquitectura,Coordinar Fotos Drone Renders,Fotos drone con Rodri para renders. Elegir tarde de sol.,Daro,pendiente,media,2026-06-25,2026-06-09,2026-06-03,,
tsk-1781488971907,lbl-arq,Coordinar reunión con Rodri — imagen edificio y planos muni,"Pedir reunión a Rodri. Temas: (1) deadline imagen del edificio, (2) qué falta para presentar planos en municipalidad — calculista, instalaciones eléctricas, incendios, termomecánicas.",Fede,pendiente,urgente,2026-06-20,2026-06-14,2026-06-10,2026-06-14 23:02:51,
tsk-1781488974134,lbl-presupuesto,Pedir presupuestos de ascensores,Solicitar presupuestos de ascensores. Coordinar con Rodri.,Rodri,pendiente,media,2026-07-15,2026-06-14,2026-06-10,2026-06-14 23:02:54,
tsk-1781488974644,lbl-sociedad,Obtener CUIT de la Sociedad,Tramitar CUIT de la sociedad. Bloqueante para apertura de cuentas bancarias.,Daro,pendiente,alta,2026-06-20,2026-06-14,2026-06-10,2026-06-14 23:02:54,
tsk-1781488975682,lbl-sociedad,Abrir Cuenta Santander Frances,Fede gestiona apertura de cuenta en Santander Frances.,Fede,pendiente,alta,2026-06-30,2026-06-14,2026-06-10,2026-06-14 23:02:55,
tsk-1781488976159,lbl-sociedad,Abrir Cuenta Supervielle,Daro gestiona apertura de cuenta en Supervielle. Hablar con Luis.,Daro,pendiente,alta,2026-06-30,2026-06-14,2026-06-10,2026-06-14 23:02:56,
tsk-1781488976528,lbl-comercial,Buscar Renderista,Evaluar necesidad de renderista para presentación comercial.,Todos,pendiente,baja,2026-07-15,2026-06-14,2026-06-10,2026-06-15 18:48:26,